Category,User Query,Response,Entities,First Follow-up Question,Response,Entities,Second Follow-up Question,Response,Entities,Third Follow-up Question,Response,Entities,Fourth Follow-up Question,Response,Entities
Food,What are the most popular traditional Saudi dishes?,"Some of the most popular traditional Saudi dishes include Kabsa, Mandi, and Jareesh.","Kabsa, Mandi, Jareesh",What are the key ingredients in Kabsa?,"Kabsa includes rice, meat, vegetables, and spices.","Rice, Meat, Spices",How is Mandi different from Kabsa?,"Mandi is cooked in a tandoor-style oven, while Kabsa is not.","Mandi, Tandoor",What is the significance of Jareesh in Saudi cuisine?,Jareesh is a staple dish made from crushed wheat.,"Jareesh, Wheat",Are there regional variations of these dishes?,"Yes, dishes like Kabsa have variations across regions.",Regional Variations
Food,What is the significance of dates in Saudi Arabian cuisine?,"Dates are a staple food in Saudi Arabia, often served with Arabic coffee and during Ramadan.","Dates, Arabic Coffee, Ramadan",How are dates traditionally consumed?,"Dates are eaten fresh, dried, or used in cooking and desserts.","Fresh, Dried, Desserts",What varieties of dates are popular in Saudi Arabia?,"Ajwa, Sukkari, and Medjool are among the most popular types of dates.","Ajwa, Sukkari, Medjool",Why are dates important during Ramadan?,"Dates are traditionally eaten to break the fast, following the practice of Prophet Muhammad.","Ramadan, Break Fast",How is Arabic coffee served with dates?,Arabic coffee is served in small cups and often paired with sweet dates to balance flavors.,"Arabic Coffee, Sweet"
Food,What is the traditional Saudi dish Margoog?,"Margoog is a hearty stew made with vegetables, meat, and whole wheat dough.","Margoog, Vegetables, Meat, Whole Wheat",What ingredients are essential for Margoog?,"Margoog includes vegetables like zucchini, meat (lamb or beef), and dough made from whole wheat flour.","Zucchini, Lamb, Beef, Whole Wheat",How is the dough in Margoog prepared?,The dough is rolled thinly and added to the stew to thicken it and absorb flavors.,"Dough, Thin, Stew",What is the regional origin of Margoog?,"Margoog is especially popular in the central region of Saudi Arabia, Najd.",Najd,How is Margoog typically served?,Margoog is often served as a main course with bread on the side.,"Bread, Main Course"
Food,How is Jareesh made in Saudi cuisine?,"Jareesh is made from crushed wheat and cooked into a porridge-like dish, often served with meat or vegetables.","Jareesh, Crushed Wheat, Porridge",What are the typical ingredients in Jareesh?,"Jareesh usually includes wheat, onions, spices, and sometimes meat or chicken.","Wheat, Onions, Spices, Meat",What is the texture of Jareesh like?,"Jareesh has a soft, creamy texture similar to porridge.","Creamy, Porridge",What regions of Saudi Arabia commonly serve Jareesh?,Jareesh is popular in the central and northern regions of Saudi Arabia.,"Central, Northern",Is Jareesh served as a main dish or side dish?,"Jareesh is typically served as a main dish, especially during family gatherings.","Main Dish, Family Gatherings"
Food,What is Saleeg and how is it prepared?,"Saleeg is a creamy rice dish typically made with chicken broth and milk, often served in the Hijaz region.","Saleeg, Creamy Rice, Chicken Broth, Milk",What ingredients are essential for Saleeg?,"Saleeg is made with short-grain rice, chicken, milk, and butter.","Short-grain Rice, Chicken, Milk, Butter",What region of Saudi Arabia is known for Saleeg?,"Saleeg is especially popular in the western region of Saudi Arabia, Hijaz.","Hijaz, Western Region",How is Saleeg cooked?,"Saleeg is cooked slowly, allowing the rice to absorb the broth and milk for a creamy consistency.","Slow-cooked, Creamy",How is Saleeg traditionally served?,Saleeg is usually served on a large platter with roasted chicken on top.,"Platter, Roasted Chicken"
Food,What is Matazeez in Saudi cuisine?,"Matazeez is a dish made from small, flat dumplings cooked in a meat and vegetable stew.","Matazeez, Dumplings, Meat, Vegetables",What type of dough is used for Matazeez?,Matazeez dough is made from whole wheat flour and water.,"Whole Wheat, Dough",How are the dumplings prepared in Matazeez?,"The dough is rolled into small, thin discs before being added to the stew.","Thin Discs, Dough",What is the significance of Matazeez in Saudi culture?,"Matazeez is a traditional dish often made for family gatherings, particularly in rural areas.","Family Gatherings, Rural",What variations exist in preparing Matazeez?,"Some regions add additional spices or vegetables to Matazeez, depending on local preferences.","Variations, Spices, Vegetables"
Food,What is the traditional Saudi dish Mutabbaq?,"Mutabbaq is a stuffed savory pastry filled with spiced meat, eggs, and vegetables.","Mutabbaq, Pastry, Meat, Eggs, Vegetables",What are the most common fillings for Mutabbaq?,"Mutabbaq is typically filled with a mixture of spiced ground meat, onions, and eggs.","Ground Meat, Onions, Eggs",How is Mutabbaq prepared?,"The dough is rolled out thin, filled, folded, and then pan-fried until crispy.","Dough, Pan-fried, Crispy",What region of Saudi Arabia is Mutabbaq popular in?,Mutabbaq is especially popular in the southern region of Saudi Arabia.,Southern Region,How is Mutabbaq traditionally served?,Mutabbaq is usually served hot with a side of pickles and dipping sauces.,"Hot, Pickles, Dipping Sauces"
Food,What is the traditional dish Gursan?,Gursan is a traditional Saudi dish made with thin layers of bread cooked in a meat and vegetable stew.,"Gursan, Bread, Meat, Vegetables",What are the key ingredients in Gursan?,"Gursan typically includes bread, lamb, tomatoes, zucchini, and a variety of spices.","Bread, Lamb, Tomatoes, Zucchini, Spices",How is the bread in Gursan prepared?,"The bread is made from whole wheat flour, baked, and then broken into pieces to cook with the stew.","Whole Wheat, Baked Bread",What region of Saudi Arabia is known for Gursan?,Gursan is particularly popular in the central region of Saudi Arabia.,Central Region,How is Gursan traditionally served?,Gursan is often served as a communal dish for family gatherings and celebrations.,"Communal, Family Gatherings"
Food,"What is Kabsa, and how is it made?","Kabsa is a popular Saudi rice dish made with a blend of spices, meat, and vegetables.","Kabsa, Rice, Spices, Meat, Vegetables",What types of meat are typically used in Kabsa?,"Kabsa can be made with chicken, lamb, or beef.","Chicken, Lamb, Beef",What spices are commonly used in Kabsa?,"Spices like cardamom, cinnamon, cloves, and bay leaves are common in Kabsa.","Cardamom, Cinnamon, Cloves, Bay Leaves",How is Kabsa cooked?,"Kabsa is typically cooked slowly to allow the flavors to blend, often using a large pot.","Slow-cooked, Large Pot",How is Kabsa traditionally served?,"Kabsa is usually served on large platters, often during special occasions and gatherings.","Large Platters, Special Occasions"
Food,What is the traditional Saudi dish Harees?,"Harees is a dish made from ground wheat and meat, often served during Ramadan and special occasions.","Harees, Wheat, Meat, Ramadan",How is Harees prepared?,"Harees is slow-cooked to a porridge-like consistency, often seasoned with ghee.","Slow-cooked, Ghee",What kind of meat is used in Harees?,Harees is typically made with chicken or lamb.,"Chicken, Lamb",What is the cultural significance of Harees?,Harees is popular during Ramadan and is known for its nourishing qualities.,"Ramadan, Nourishing",How is Harees served?,It is traditionally served in large bowls for communal dining.,"Communal Dining, Large Bowls"
Food,What are some popular desserts in Saudi Arabia?,"Popular Saudi desserts include Kunafa, Luqaimat, and Basbousa.","Kunafa, Luqaimat, Basbousa",What is Kunafa made of?,"Kunafa is made with shredded phyllo dough, cheese, and a sugar syrup.","Phyllo Dough, Cheese, Sugar Syrup",How is Luqaimat prepared?,Luqaimat are small dough balls deep-fried and drizzled with honey or syrup.,"Dough Balls, Honey, Syrup",What are the ingredients of Basbousa?,"Basbousa is made from semolina, sugar, yogurt, and topped with syrup.","Semolina, Yogurt, Syrup",When are these desserts commonly served?,They are often served during festivals like Eid or special family gatherings.,"Eid, Festivals, Family Gatherings"
Food,What is the traditional Saudi beverage called Laban?,"Laban is a popular fermented milk drink, often consumed to cool down in hot weather.","Laban, Fermented Milk",How is Laban made?,Laban is made by fermenting milk until it reaches a tangy flavor.,"Fermenting, Milk",What are the health benefits of Laban?,Laban is known for aiding digestion and hydrating the body.,"Digestion, Hydration",When is Laban typically consumed?,"Laban is consumed as a refreshing drink during meals, especially in summer.","Meals, Summer",Are there any variations of Laban in different regions?,"Yes, some regions add herbs like mint to flavor the drink.","Mint, Herbs"
Food,What is the significance of Saudi bread called Tameez?,"Tameez is a traditional flatbread baked in a tandoor oven, often eaten with stews or dips.","Tameez, Flatbread, Tandoor",How is Tameez baked?,Tameez is baked by slapping the dough onto the walls of a tandoor oven.,"Tandoor Oven, Dough",What are common accompaniments for Tameez?,Tameez is commonly served with meat stews or bean dips like foul.,"Stews, Foul, Dips",What is the texture of Tameez like?,Tameez is crispy on the outside and soft on the inside.,"Crispy, Soft",In which meals is Tameez typically consumed?,Tameez is often eaten during breakfast or lunch.,"Breakfast, Lunch"
Food,What is the traditional dish Mathlotha?,"Mathlotha is a layered dish made with rice, meat, and bread, popular in the Najd region.","Mathlotha, Rice, Meat, Bread, Najd",How is Mathlotha prepared?,"Mathlotha is prepared by layering cooked rice, bread, and spiced meat, then simmered together.","Layered, Rice, Meat, Bread",What is the significance of Mathlotha in Saudi culture?,Mathlotha is often served during celebrations and large gatherings.,"Celebrations, Gatherings",What types of meat are used in Mathlotha?,Lamb or chicken is typically used in Mathlotha.,"Lamb, Chicken",How is Mathlotha served?,"It is served on large trays, often communally.","Large Trays, Communal"
Food,What is the Saudi dish Majboos?,"Majboos is a rice dish similar to Kabsa, made with a blend of spices, meat, and vegetables.","Majboos, Rice, Spices, Meat, Vegetables",How is Majboos different from Kabsa?,Majboos is typically more spiced and may include a tomato-based sauce.,"Spiced, Tomato-based Sauce",What types of meat are used in Majboos?,Majboos is commonly made with lamb or chicken.,"Lamb, Chicken",What spices are essential in Majboos?,"Spices like cumin, coriander, and cinnamon are commonly used.","Cumin, Coriander, Cinnamon",How is Majboos traditionally served?,It is often served in large communal trays for family gatherings.,"Communal Trays, Family Gatherings"
Food,What is Sambusa in Saudi cuisine?,"Sambusa is a fried or baked pastry filled with spiced meat or vegetables, popular during Ramadan.","Sambusa, Pastry, Meat, Vegetables, Ramadan",What are the common fillings for Sambusa?,"Sambusa can be filled with ground beef, chicken, or lentils.","Ground Beef, Chicken, Lentils",How is Sambusa prepared?,Sambusa is folded into triangular shapes and fried or baked until crispy.,"Triangular, Fried, Baked",What is the significance of Sambusa during Ramadan?,Sambusa is often served as an appetizer during iftar meals to break the fast.,"Iftar, Appetizer, Ramadan",What variations of Sambusa exist?,"Some regions make sweet versions of Sambusa, filled with dates or honey.","Sweet, Dates, Honey"
Food,What is Foul and how is it served?,"Foul is a traditional Saudi dish made from fava beans, often served with bread for breakfast.","Foul, Fava Beans, Breakfast",How is Foul typically prepared?,"Foul is simmered with garlic, olive oil, and spices until soft.","Garlic, Olive Oil, Spices",What is commonly served with Foul?,"Foul is often eaten with Tameez bread, olive oil, and sometimes eggs.","Tameez Bread, Olive Oil, Eggs",What region is Foul most popular in?,"Foul is popular across the Arabian Peninsula, especially in the western region.","Western Region, Arabian Peninsula",How is Foul typically eaten?,It is often eaten by dipping the bread into the dish.,"Dipping, Bread"
Food,What is the Saudi dish Mofatah?,"Mofatah is a celebratory dish made with whole roasted lamb, rice, and spices, often served at weddings.","Mofatah, Roasted Lamb, Rice, Weddings",How is Mofatah prepared?,Mofatah involves roasting a whole lamb over a fire or in an oven and serving it over spiced rice.,"Roasted Lamb, Spiced Rice",What is the cultural significance of Mofatah?,"Mofatah is typically served during weddings, Eid celebrations, and special occasions.","Weddings, Eid, Special Occasions",How is Mofatah served?,It is served on large trays for communal dining.,"Large Trays, Communal Dining",Are there regional variations of Mofatah?,Some regions add different spices or cook the lamb differently.,"Variations, Spices"
Food,What is the dish Qursan?,"Qursan is a traditional dish made with thin layers of bread, vegetables, and meat, commonly eaten in central Saudi Arabia.","Qursan, Bread, Vegetables, Meat, Central Saudi Arabia",How is Qursan prepared?,Thin layers of whole wheat bread are added to a stew of vegetables and meat.,"Whole Wheat Bread, Stew",What vegetables are commonly used in Qursan?,"Zucchini, tomatoes, and eggplant are often used in Qursan.","Zucchini, Tomatoes, Eggplant",How is Qursan served?,Qursan is typically served in large bowls for family gatherings.,"Family Gatherings, Large Bowls",What region is known for Qursan?,Qursan is particularly popular in the Najd region of Saudi Arabia.,"Najd, Central Saudi Arabia"
Food,What are some traditional Saudi sweet dishes?,"Traditional Saudi sweets include Ma’amoul, Luqaimat, and Kleija.","Ma’amoul, Luqaimat, Kleija",What is Ma’amoul made from?,"Ma’amoul is made from semolina, dates, and spices like cinnamon.","Semolina, Dates, Cinnamon",When is Luqaimat typically served?,Luqaimat is often served during Ramadan and other special occasions.,"Luqaimat, Ramadan, Special Occasions",What is unique about Kleija?,"Kleija is a spiced cookie with fillings like dates or nuts, popular in the Najd region.","Kleija, Spiced Cookie, Dates, Nuts, Najd",How are these sweets typically enjoyed?,These sweets are often enjoyed with Arabic coffee or tea during family gatherings.,"Arabic Coffee, Tea, Family Gatherings"
Sports,What are the most popular sports in Saudi Arabia?,"Popular sports in Saudi Arabia include football (soccer), camel racing, falconry, and basketball.","Football, Camel Racing, Falconry, Basketball",Why is football so popular in Saudi Arabia?,Football is widely loved for its accessibility and the passion of fans.,"Football, Fans, Passion",How does camel racing play a role in Saudi culture?,"Camel racing is a traditional sport with deep cultural roots, particularly in rural areas.","Camel Racing, Tradition, Culture","What is falconry, and why is it significant?",Falconry is the sport of training falcons for hunting and is an important part of Saudi heritage.,"Falconry, Falcons, Hunting, Heritage",How popular is basketball in Saudi Arabia?,"Basketball has grown in popularity, especially among younger generations.","Basketball, Youth, Popularity"
Sports,How important is football (soccer) in Saudi Arabia?,"Football is the most popular sport in Saudi Arabia, with many local and national leagues.","Football, Leagues, Saudi",What is the Saudi Professional League?,The Saudi Professional League is the top football league in the country.,"Saudi Professional League, Football",Which are the top football clubs in Saudi Arabia?,"Al Hilal, Al Nassr, and Al Ittihad are among the most successful clubs.","Al Hilal, Al Nassr, Al Ittihad",What major football events take place in Saudi Arabia?,The King’s Cup and the Super Cup are prestigious football tournaments.,"King’s Cup, Super Cup, Football",How does the national team perform in international competitions?,The Saudi national team has qualified for several FIFA World Cup tournaments.,"FIFA World Cup, National Team"
Sports,"What is camel racing, and how is it practiced in Saudi Arabia?",Camel racing is a traditional sport in Saudi Arabia where camels race across desert tracks.,"Camel Racing, Camels, Desert Tracks",How are camels trained for racing?,"Camels undergo rigorous training, starting from a young age, to build speed and stamina.","Training, Speed, Stamina",What is the role of technology in modern camel racing?,"Robots are used as jockeys to control the camels, replacing human riders.","Robots, Jockeys, Technology",What are the main camel racing events in Saudi Arabia?,The King Abdulaziz Camel Festival is one of the largest camel racing events.,"King Abdulaziz Camel Festival, Camel Racing",How significant is camel racing in Saudi culture?,Camel racing is a symbol of Bedouin heritage and a major cultural event.,"Bedouin, Heritage, Culture"
Sports,What is the Saudi Equestrian Federation?,The Saudi Equestrian Federation is the governing body for equestrian sports in Saudi Arabia.,"Equestrian Federation, Governing Body",What equestrian sports are popular in Saudi Arabia?,"Popular equestrian sports include horse racing, show jumping, and endurance riding.","Horse Racing, Show Jumping, Endurance Riding",What is the history of horse racing in Saudi Arabia?,"Horse racing has deep roots in Saudi Arabia, with historic ties to Bedouin traditions.","Horse Racing, History, Bedouin",What is the most prestigious horse racing event in Saudi Arabia?,"The Saudi Cup is the richest horse race in the world, held annually in Riyadh.","Saudi Cup, Horse Racing, Riyadh",How are horses bred for racing in Saudi Arabia?,Thoroughbreds and Arabian horses are carefully bred for their speed and endurance.,"Thoroughbreds, Arabian Horses, Breeding"
Sports,"What is the Saudi Cup, and why is it significant?","The Saudi Cup is the richest horse race in the world, with a prize of $20 million.","Saudi Cup, Horse Racing, Prize",When and where is the Saudi Cup held?,The Saudi Cup takes place annually in Riyadh at the King Abdulaziz Racetrack.,"Riyadh, King Abdulaziz Racetrack, Annual",What kind of horses compete in the Saudi Cup?,Thoroughbreds from around the world compete in this prestigious event.,"Thoroughbreds, Competition, Horses",How does the Saudi Cup impact the global horse racing scene?,"The Saudi Cup attracts top international competitors, raising the profile of Saudi horse racing.","International, Competitors, Horse Racing",What other events accompany the Saudi Cup?,"The event includes cultural displays, fashion shows, and other equestrian-related activities.","Cultural Displays, Fashion, Equestrian"
Sports,How is falconry practiced in Saudi Arabia?,Falconry involves training falcons for hunting and is a sport passed down through generations.,"Falconry, Falcons, Hunting",What species of falcons are used in falconry?,Species like the Peregrine falcon and Saker falcon are commonly used.,"Peregrine Falcon, Saker Falcon, Falcons",How are falcons trained for hunting?,"Falcons undergo months of training to learn how to catch prey, respond to commands, and return to their handlers.","Training, Prey, Commands",What are the main falconry competitions in Saudi Arabia?,The King Abdulaziz Falconry Festival is a major event that draws participants from across the region.,"King Abdulaziz Falconry Festival, Competitions",How important is falconry in Saudi heritage?,Falconry is deeply rooted in Saudi Bedouin culture and represents a bond with nature.,"Bedouin Culture, Nature, Heritage"
Sports,What is the significance of the King Abdulaziz Falconry Festival?,"The King Abdulaziz Falconry Festival is one of the largest falconry competitions in the world, showcasing the best-trained birds.","King Abdulaziz Falconry Festival, Falconry",How are falcons judged in the competition?,"Falcons are judged on their speed, agility, and hunting skills.","Speed, Agility, Hunting Skills",What prizes are awarded at the King Abdulaziz Falconry Festival?,The festival offers large cash prizes and prestigious titles to winning falconers.,"Cash Prizes, Titles, Falconry",How has the festival grown in recent years?,"The festival has attracted international participants, making it a global event.","International, Participants, Global",What other activities are part of the festival?,Cultural exhibitions and falconry-related workshops are also part of the event.,"Cultural Exhibitions, Workshops, Falconry"
Sports,What role does basketball play in Saudi Arabia?,"Basketball is a growing sport in Saudi Arabia, particularly among the youth.","Basketball, Youth, Growing",What is the Saudi Basketball Federation?,The Saudi Basketball Federation oversees basketball leagues and tournaments across the country.,"Basketball Federation, Leagues, Tournaments",What are the major basketball leagues in Saudi Arabia?,The Saudi Premier Basketball League is the top professional basketball league.,"Premier Basketball League, Professional, Basketball",How has Saudi Arabia performed in international basketball?,"Saudi Arabia has competed in various regional basketball tournaments, making strides in the sport.","International, Basketball, Tournaments",How popular is basketball in schools and universities?,"Basketball is widely played in schools and universities, fostering future talent.","Schools, Universities, Talent"
Sports,What is the Riyadh Marathon?,The Riyadh Marathon is a major running event that attracts participants from around the world.,"Riyadh Marathon, Running, International",When is the Riyadh Marathon held?,The marathon is held annually in the capital city of Riyadh.,"Annual, Riyadh, Marathon",What distances are included in the Riyadh Marathon?,"The event features a full marathon, half marathon, and shorter distances for beginners.","Full Marathon, Half Marathon, Distances",How does the Riyadh Marathon contribute to promoting health in Saudi Arabia?,The marathon promotes fitness and health awareness in the local community.,"Fitness, Health Awareness, Community",What is the participation like for the Riyadh Marathon?,The event sees thousands of runners from Saudi Arabia and other countries.,"Participants, International, Runners"
Sports,"What is endurance riding, and how is it practiced in Saudi Arabia?",Endurance riding is a long-distance equestrian sport where horse and rider cover distances over rugged terrain.,"Endurance Riding, Equestrian, Long-distance",What are the key endurance riding events in Saudi Arabia?,Events like the Custodian of the Two Holy Mosques Endurance Cup are popular in Saudi Arabia.,"Custodian of the Two Holy Mosques Endurance Cup, Endurance Riding",How are horses trained for endurance riding?,Horses undergo specialized training to build stamina and endurance for long rides.,"Training, Stamina, Endurance",What types of horses are best for endurance riding?,Arabian horses are highly valued for their endurance and are commonly used in this sport.,"Arabian Horses, Endurance, Equestrian",How does endurance riding reflect Saudi heritage?,Endurance riding reflects the Bedouin tradition of relying on horses for long journeys across the desert.,"Bedouin Tradition, Desert, Heritage"
Sports,What is the most popular sport in Saudi Arabia?,Football (soccer) is the most popular sport in Saudi Arabia.,"Football, Saudi Arabia",What are some major football teams in Saudi Arabia?,"Al-Hilal, Al-Nassr, and Al-Ittihad are the major teams.","Al-Hilal, Al-Nassr, Al-Ittihad",Has Saudi Arabia participated in the FIFA World Cup?,"Yes, Saudi Arabia has participated multiple times.","FIFA, Saudi Arabia",Who is the most famous Saudi football player?,Sami Al-Jaber is one of the most famous Saudi footballers.,Sami Al-Jaber,What is the impact of football on Saudi culture?,Football is deeply embedded in social and community life.,"Football, Community"
Sports,What is the Saudi Professional League?,"The Saudi Professional League, also known as the Saudi Pro League, is the top football league in Saudi Arabia.","Saudi Professional League, Football",How many teams compete in the Saudi Professional League?,16 teams compete in the league.,16 Teams,Which team has won the most titles in the league?,Al-Hilal has won the most titles.,"Al-Hilal, Titles",How are players recruited for the league?,Players are recruited both domestically and internationally.,"Recruitment, Domestic, International",How long is the season of the Saudi Professional League?,The season runs from August to May.,"August, May, Season"
Sports,Is horse racing popular in Saudi Arabia?,"Yes, horse racing is very popular, especially in events like the Saudi Cup.","Horse Racing, Saudi Cup",What is the Saudi Cup?,"The Saudi Cup is the world's richest horse race, with a prize pool of $20 million.","Saudi Cup, $20 Million",When was the Saudi Cup first held?,The Saudi Cup was first held in 2020.,"2020, Saudi Cup",Where is the Saudi Cup hosted?,It is hosted at the King Abdulaziz Racetrack in Riyadh.,"King Abdulaziz Racetrack, Riyadh",Are there any other major horse racing events in Saudi Arabia?,"Yes, events like the King's Cup and Crown Prince's Cup are also popular.","King's Cup, Crown Prince's Cup"
Sports,What is the significance of camel racing in Saudi Arabia?,Camel racing is a traditional sport and has deep cultural significance in Saudi Arabia.,"Camel Racing, Culture",Where are camel races usually held?,Races are held at major festivals like the King Abdulaziz Camel Festival.,King Abdulaziz Camel Festival,How are camels trained for racing?,Camels undergo rigorous training with specialized trainers.,"Camels, Training, Specialized",What is the role of technology in modern camel racing?,Robot jockeys are now used instead of human jockeys.,"Robot Jockeys, Technology",How does camel racing reflect Saudi heritage?,Camel racing is linked to Bedouin culture and desert life.,"Bedouin, Heritage"
Sports,What are the main motorsports events in Saudi Arabia?,Major motorsports events include Formula E and the Dakar Rally.,"Formula E, Dakar Rally, Motorsports",When did Formula E start in Saudi Arabia?,Formula E began in Saudi Arabia in 2018.,"2018, Formula E",Where is the Formula E race held?,"It is held in Diriyah, near Riyadh.","Diriyah, Riyadh",What is the significance of hosting the Dakar Rally?,Hosting the Dakar Rally highlights Saudi Arabia’s diverse landscapes.,"Dakar Rally, Landscapes",How has motorsports impacted Saudi tourism?,Motorsports attract many international visitors to the kingdom.,"Motorsports, Tourism"
Sports,Does Saudi Arabia participate in Olympic sports?,"Yes, Saudi athletes participate in a variety of Olympic sports.","Olympic Sports, Saudi Athletes",What sports does Saudi Arabia compete in at the Olympics?,"Saudi Arabia competes in sports like athletics, equestrian, and weightlifting.","Athletics, Equestrian, Weightlifting",How many Olympic medals has Saudi Arabia won?,Saudi Arabia has won a total of 4 Olympic medals.,"4 Medals, Olympics",Who is the most successful Saudi Olympian?,"Hadi Souan is the most successful, winning silver in the 400m hurdles.","Hadi Souan, 400m Hurdles",How does Saudi Arabia prepare its athletes for the Olympics?,Athletes undergo specialized training in national and international camps.,"Training, National, International"
Sports,Is cricket popular in Saudi Arabia?,"Cricket has gained popularity, especially among the expatriate community.","Cricket, Expatriates",Where are cricket matches typically held in Saudi Arabia?,"Matches are held in cities like Riyadh, Jeddah, and Dammam.","Riyadh, Jeddah, Dammam",Are there any major cricket tournaments in Saudi Arabia?,"There are local and regional tournaments, especially for expatriate teams.","Local Tournaments, Expatriate Teams",How does the Saudi Cricket Federation promote the sport?,The Saudi Cricket Federation organizes tournaments and training programs.,"Saudi Cricket Federation, Tournaments",Is cricket played at the grassroots level in Saudi Arabia?,"Yes, cricket is played in schools and local clubs.","Schools, Clubs, Cricket"
Sports,How is basketball developing in Saudi Arabia?,"Basketball is growing in popularity, with local leagues and international partnerships.","Basketball, Development",What is the role of the Saudi Basketball Federation?,The Saudi Basketball Federation oversees the development and promotion of the sport.,"Saudi Basketball Federation, Promotion",Are there any prominent Saudi basketball players?,Mohammed Alsuwailem is a prominent player known for his performance.,"Mohammed Alsuwailem, Basketball",How is basketball promoted at the grassroots level?,It is promoted through school programs and youth leagues.,"School Programs, Youth Leagues",How has basketball impacted youth sports in Saudi Arabia?,Basketball has become one of the fastest-growing sports for young athletes.,"Youth, Basketball, Growth"
Sports,How is tennis evolving in Saudi Arabia?,"Tennis is becoming more popular, with new tournaments and facilities.","Tennis, Evolution",What are the major tennis events held in Saudi Arabia?,The Diriyah Tennis Cup is one of the major tennis events.,Diriyah Tennis Cup,Who are some notable international players that have competed in Saudi Arabia?,Players like Daniil Medvedev and Stan Wawrinka have participated.,"Daniil Medvedev, Stan Wawrinka",How is tennis promoted in schools and universities?,Tennis programs and clubs are set up in schools and universities to foster talent.,"Tennis Programs, Schools, Universities",How is Saudi Arabia investing in tennis infrastructure?,Saudi Arabia is building new courts and facilities to promote the sport.,"Tennis, Courts, Facilities"
Sports,What is falconry's role in Saudi sports and culture?,Falconry is a traditional sport and deeply embedded in Saudi heritage.,"Falconry, Heritage",What is the significance of falconry in Saudi culture?,"Falconry represents skill, patience, and the bond between falconers and their birds.","Skill, Patience, Falcons",How are falcons trained for the sport?,Falcons are trained through specialized techniques passed down through generations.,"Training, Falcons, Generations",What are some major falconry events in Saudi Arabia?,The King Abdulaziz Falconry Festival is a prominent event.,King Abdulaziz Falconry Festival,How does falconry contribute to wildlife conservation in Saudi Arabia?,Falconry promotes conservation efforts for bird species.,"Conservation, Falcons, Wildlife"
Festivals,What is the significance of Eid al-Fitr in Saudi Arabia?,"Eid al-Fitr marks the end of Ramadan and is a time for celebration, family gatherings, and charitable giving.","Eid al-Fitr, Ramadan, Family, Charity",How do people celebrate Eid al-Fitr?,"People celebrate with feasts, gifts, and visiting family and friends.","Feasts, Gifts, Family",What special prayers are held during Eid al-Fitr?,The special Eid prayer is performed in large congregations early in the morning.,"Eid Prayer, Congregation",What is the role of charity during Eid al-Fitr?,Zakat al-Fitr is given to those in need before the Eid prayer.,"Zakat al-Fitr, Charity",What types of food are traditionally prepared during Eid?,Traditional dishes like Kabsa and sweets like Ma’amoul are commonly prepared.,"Kabsa, Ma’amoul, Traditional Food"
Festivals,What is the significance of Eid al-Adha in Saudi Arabia?,"Eid al-Adha, also known as the ""Festival of Sacrifice,"" commemorates the willingness of Ibrahim to sacrifice his son in obedience to God.","Eid al-Adha, Sacrifice, Ibrahim",How is the sacrifice performed during Eid al-Adha?,"A sheep, goat, or cow is sacrificed, and the meat is shared with family, friends, and the poor.","Sacrifice, Sheep, Goat, Cow",What are the key religious practices during Eid al-Adha?,Performing the Eid prayer and listening to the sermon are key practices.,"Eid Prayer, Sermon",What is the connection between Hajj and Eid al-Adha?,"Eid al-Adha coincides with the completion of Hajj, the annual pilgrimage to Mecca.","Hajj, Pilgrimage, Mecca",How is the meat from the sacrifice distributed?,"The meat is divided into three parts: one for the family, one for friends, and one for those in need.","Meat Distribution, Family, Charity"
Festivals,What is the Janadriyah Festival?,The Janadriyah Festival is an annual cultural event that celebrates Saudi Arabia's heritage and traditions.,"Janadriyah Festival, Heritage, Traditions",When is the Janadriyah Festival held?,The festival is typically held in February or March.,"February, March, Festival",What activities take place during the Janadriyah Festival?,"Activities include traditional music, dance, camel racing, and craft exhibitions.","Traditional Music, Dance, Camel Racing, Crafts",Who participates in the Janadriyah Festival?,"People from all over Saudi Arabia, as well as international visitors, attend.","Visitors, Saudi Arabia, International",What is the significance of camel racing in the Janadriyah Festival?,Camel racing showcases Saudi Arabia's nomadic heritage and the importance of camels in desert life.,"Camel Racing, Heritage"
Festivals,What is the Riyadh Season festival?,"Riyadh Season is a mega entertainment festival that showcases concerts, performances, and cultural activities.","Riyadh Season, Entertainment, Concerts",When did Riyadh Season first take place?,Riyadh Season first took place in 2019.,"2019, Riyadh Season",What kind of events are held during Riyadh Season?,"Events include concerts, art exhibitions, food festivals, and sports competitions.","Concerts, Art Exhibitions, Food Festivals, Sports",How long does Riyadh Season last?,"The festival usually lasts for several months, from October to March.","October, March, Festival Duration",How has Riyadh Season impacted tourism in Saudi Arabia?,Riyadh Season has attracted millions of visitors from around the world.,"Tourism, Visitors, International"
Festivals,What is the Souq Okaz festival?,"Souq Okaz is a historic festival that revives ancient Arab markets and celebrates poetry, art, and culture.","Souq Okaz, Poetry, Art, Culture",Where is Souq Okaz held?,"The festival is held in the city of Taif, in western Saudi Arabia.","Taif, Western Saudi Arabia",What is the historical significance of Souq Okaz?,Souq Okaz was a major pre-Islamic market and a center for poetry competitions.,"Pre-Islamic Market, Poetry Competitions",What types of performances take place at Souq Okaz?,"Performances include traditional poetry recitations, storytelling, and theatrical shows.","Poetry, Storytelling, Theater",How does Souq Okaz promote cultural heritage?,The festival emphasizes the preservation of traditional Arab art forms and history.,"Cultural Heritage, Art Forms"
Festivals,What is the King Abdulaziz Camel Festival?,The King Abdulaziz Camel Festival is an annual event that celebrates Saudi Arabia’s camel-rearing traditions.,"King Abdulaziz Camel Festival, Camels, Traditions",When does the King Abdulaziz Camel Festival take place?,The festival usually takes place in December and January.,"December, January, Festival",What activities are featured at the King Abdulaziz Camel Festival?,"Activities include camel beauty contests, races, and exhibitions.","Camel Beauty Contest, Camel Racing, Exhibitions",What is the purpose of the camel beauty contest?,"The contest judges camels based on specific breed standards, such as size and appearance.","Camel Breed, Appearance, Contest",How does the festival promote Saudi heritage?,The festival preserves and promotes the historical significance of camels in Saudi culture.,"Heritage, Camels, Culture"
Festivals,What is the Taif Rose Festival?,The Taif Rose Festival celebrates the annual harvest of roses in the city of Taif.,"Taif Rose Festival, Roses, Harvest",When does the Taif Rose Festival take place?,The festival is held in April when the roses are in full bloom.,"April, Bloom, Roses",What activities are featured at the Taif Rose Festival?,"The festival includes rose-picking tours, perfume-making workshops, and traditional markets.","Rose Picking, Perfume Workshops, Markets",What is the significance of roses in Taif's culture?,"Taif is famous for its roses, which are used to produce perfumes and rosewater.","Roses, Perfumes, Rosewater",How does the festival support local agriculture?,"The festival promotes the local rose industry, supporting farmers and artisans.","Agriculture, Rose Industry, Farmers"
Festivals,What is the Al-Ula Tantora Winter Festival?,"The Al-Ula Tantora Winter Festival is an annual cultural event featuring music, art, and heritage activities.","Al-Ula Tantora, Winter Festival, Culture, Music",Where is the Al-Ula Tantora Festival held?,"The festival is held in the ancient city of Al-Ula, in northwest Saudi Arabia.","Al-Ula, Northwest Saudi Arabia",What performances can visitors expect at the Al-Ula Tantora Festival?,"The festival features performances by international artists, opera shows, and cultural exhibitions.","Performances, Opera, Exhibitions",What is the significance of the festival's location?,Al-Ula is an ancient archaeological site with historical landmarks like Madain Salih.,"Al-Ula, Madain Salih, Landmarks",How does the festival highlight Saudi Arabia's historical and cultural heritage?,The festival emphasizes the region's rich history and its role as a cultural crossroads.,"Heritage, History, Culture"
Festivals,What is the significance of National Day in Saudi Arabia?,"National Day, celebrated on September 23rd, commemorates the unification of the Kingdom of Saudi Arabia in 1932.","National Day, September 23, Unification",How do people celebrate National Day?,"People celebrate with fireworks, concerts, parades, and cultural exhibitions.","Fireworks, Concerts, Parades, Exhibitions",What is the historical significance of National Day?,It marks the day King Abdulaziz declared the establishment of the modern Kingdom of Saudi Arabia.,"King Abdulaziz, Unification, Kingdom",What special events are held during National Day?,Government and private organizations hold events such as light shows and cultural performances.,"Light Shows, Cultural Performances, Organizations",How has National Day evolved over time?,The celebration has grown to include large-scale public events and international recognition.,"Public Events, International, Growth"
Festivals,What is the Saudi Winter Festival?,The Saudi Winter Festival is a seasonal event that promotes winter tourism and features outdoor activities and entertainment.,"Saudi Winter Festival, Tourism, Outdoor Activities",When is the Saudi Winter Festival held?,"The festival is held during the winter months, typically from December to February.","December, February, Winter",What activities can visitors participate in at the Saudi Winter Festival?,"Activities include skiing, ice skating, and cultural performances.","Skiing, Ice Skating, Performances",Where are the main locations for the Saudi Winter Festival?,"The festival takes place in locations like Al-Ula, Riyadh, and Jeddah.","Al-Ula, Riyadh, Jeddah",How does the festival contribute to winter tourism in Saudi Arabia?,It promotes Saudi Arabia as a destination for winter sports and outdoor adventure tourism.,"Winter Tourism, Adventure, Sports"
Festivals,What is the significance of Eid al-Fitr in Saudi Arabia?,"Eid al-Fitr marks the end of Ramadan and is celebrated with prayers, family gatherings, and feasts.","Eid al-Fitr, Ramadan, Prayers",How do families celebrate Eid al-Fitr?,"Families visit each other, share meals, and exchange gifts.","Family Gatherings, Meals, Gifts",What special foods are prepared for Eid al-Fitr?,"Dishes like dates, lamb, and sweets such as Ma'amoul are commonly served.","Dates, Lamb, Ma'amoul",What is the Zakat al-Fitr?,Zakat al-Fitr is a charity given before Eid prayers to help the needy.,"Zakat, Charity, Needy",How is Eid al-Fitr celebrated in different regions of Saudi Arabia?,"Some regions hold cultural performances, traditional dances, and community events.","Cultural Performances, Dances, Events"
Festivals,What is Janadriyah Festival?,Janadriyah is a national heritage and cultural festival that celebrates Saudi Arabia's traditions.,"Janadriyah, National Heritage, Traditions",When is the Janadriyah Festival held?,It is held annually in late winter or early spring near Riyadh.,"Late Winter, Early Spring, Riyadh",What activities can visitors expect at Janadriyah?,"Activities include camel racing, traditional music, and cultural exhibitions.","Camel Racing, Music, Exhibitions",What is the significance of camel racing at Janadriyah?,Camel racing is a traditional sport in Saudi Arabia and highlights the country's Bedouin heritage.,"Camel Racing, Bedouin Heritage",How does Janadriyah promote Saudi cultural heritage?,"It showcases traditional crafts, music, and folklore from different regions.","Traditional Crafts, Music, Folklore"
Festivals,What is the Riyadh Season festival?,"Riyadh Season is an annual entertainment festival featuring concerts, sports events, and cultural performances.","Riyadh Season, Concerts, Sports, Performances",When does Riyadh Season take place?,Riyadh Season is held from October to March each year.,"October, March, Riyadh",What are the main attractions of Riyadh Season?,"Attractions include international artists, theme parks, and culinary experiences.","International Artists, Theme Parks, Culinary",How does Riyadh Season contribute to tourism in Saudi Arabia?,"It attracts millions of visitors, boosting local businesses and promoting Saudi Arabia as a cultural hub.","Tourism, Visitors, Local Businesses",What is the significance of Riyadh Season in Vision 2030?,Riyadh Season aligns with Vision 2030's goal of diversifying the economy through entertainment and tourism.,"Vision 2030, Economy, Tourism"
Festivals,What is the Taif Rose Festival?,The Taif Rose Festival celebrates the harvest of roses in Taif and highlights the region’s floral industry.,"Taif Rose Festival, Roses, Floral Industry",When is the Taif Rose Festival held?,The festival is held annually in April and May.,"April, May, Taif",What happens during the Taif Rose Festival?,"Activities include rose picking, floral displays, and rosewater production workshops.","Rose Picking, Floral Displays, Rosewater",What is the importance of rosewater in Saudi culture?,"Rosewater is used in perfumes, cooking, and religious ceremonies.","Rosewater, Perfumes, Ceremonies",How does the Taif Rose Festival support the local economy?,It promotes local rose farms and creates opportunities for small businesses.,"Rose Farms, Local Economy, Businesses"
Festivals,What is the Al Soudah Festival?,Al Soudah Festival is a cultural event that celebrates the natural beauty and heritage of the Asir region.,"Al Soudah Festival, Natural Beauty, Heritage",What is the significance of Al Soudah Festival?,"The festival promotes eco-tourism and showcases traditional music, dance, and crafts of the Asir region.","Eco-tourism, Music, Dance, Crafts",When is the Al Soudah Festival held?,It is usually held during the summer months to attract visitors to the cool mountain areas.,"Summer, Mountain Areas, Visitors",What activities are available at the Al Soudah Festival?,"Activities include hiking, paragliding, and exploring local art exhibits.","Hiking, Paragliding, Art Exhibits",How does the festival contribute to the preservation of Asir's cultural heritage?,"The festival helps preserve Asir’s traditional crafts, clothing, and architecture.","Traditional Crafts, Clothing, Architecture"
Festivals,What is the significance of Eid al-Adha in Saudi Arabia?,"Eid al-Adha is the ""Festival of Sacrifice,"" commemorating the willingness of Prophet Ibrahim to sacrifice his son.","Eid al-Adha, Sacrifice, Ibrahim",How do Saudi families celebrate Eid al-Adha?,"Families perform the ritual of animal sacrifice, share meals, and give to charity.","Sacrifice, Meals, Charity",What is the Qurbani ritual during Eid al-Adha?,"Qurbani is the sacrifice of a sheep, goat, or cow, and the meat is distributed among family, friends, and the needy.","Qurbani, Sheep, Goat, Cow",How is Eid al-Adha different from Eid al-Fitr?,"Eid al-Adha focuses on sacrifice, while Eid al-Fitr celebrates the end of Ramadan with feasting and prayers.","Sacrifice, Ramadan, Prayers",How is Eid al-Adha celebrated in different regions of Saudi Arabia?,"Each region has its own customs, including special dishes and community gatherings.","Customs, Dishes, Gatherings"
Festivals,What is the Souk Okaz Festival?,Souk Okaz is an annual cultural festival that revives the historic market and showcases traditional Arab arts.,"Souk Okaz, Cultural Festival, Historic Market",What is the history behind Souk Okaz?,"Souk Okaz was a pre-Islamic marketplace known for poetry, debate, and trade.","Pre-Islamic, Poetry, Debate, Trade",When does Souk Okaz take place?,"It is held every summer in Taif, Saudi Arabia.","Summer, Taif, Souk Okaz",What types of activities are featured at Souk Okaz?,"The festival includes poetry competitions, craft displays, and reenactments of historical events.","Poetry Competitions, Craft Displays, Reenactments",How does Souk Okaz preserve Arab heritage?,"It keeps ancient Arab traditions alive by celebrating literature, commerce, and art.","Arab Traditions, Literature, Art"
Festivals,What is the Flower Men Festival in Saudi Arabia?,"The Flower Men Festival celebrates the culture of the Flower Men, a tribe in the Asir region known for wearing flower garlands.","Flower Men Festival, Flower Garlands, Asir",Who are the Flower Men?,The Flower Men are a tribe in the Asir region who wear floral crowns as part of their traditional attire.,"Flower Men, Floral Crowns, Traditional Attire",When is the Flower Men Festival held?,The festival is held annually in the spring in the Asir region.,"Spring, Asir, Festival",What activities are included in the Flower Men Festival?,"Activities include traditional music, dance, and flower-picking ceremonies.","Music, Dance, Flower-picking",How does the festival promote the Flower Men's culture?,"It showcases their unique attire, customs, and connection to nature.","Attire, Customs, Nature"
Festivals,What is the Unification Day of Saudi Arabia?,"Unification Day, celebrated on September 23rd, marks the founding of the Kingdom of Saudi Arabia.","Unification Day, September 23, Kingdom of Saudi Arabia",How is Unification Day celebrated?,"The day is marked with parades, fireworks, and national speeches.","Parades, Fireworks, National Speeches",What is the historical significance of Unification Day?,It commemorates the unification of the different regions of Saudi Arabia under King Abdulaziz in 1932.,"King Abdulaziz, Unification, 1932",How do different regions of Saudi Arabia celebrate Unification Day?,"Celebrations vary, but most include regional cultural performances and displays of national pride.","Regional Performances, National Pride, Displays",How does Unification Day contribute to national identity?,It strengthens the sense of unity and pride among Saudi citizens.,"National Identity, Unity, Pride"
Festivals,What is the Red Sea International Film Festival?,The Red Sea International Film Festival is an annual event showcasing films from Saudi Arabia and around the world.,"Red Sea Film Festival, Films, Saudi Arabia",When does the Red Sea Film Festival take place?,The festival is held every December in Jeddah.,"December, Jeddah, Red Sea",What types of films are featured at the festival?,"The festival features a mix of Saudi, Arab, and international films, including shorts, documentaries, and features.","Saudi Films, Arab Films, International Films",How does the festival contribute to the Saudi film industry?,It provides a platform for emerging Saudi filmmakers and fosters collaboration with international talent.,"Saudi Filmmakers, International Talent",What awards are given at the Red Sea Film Festival?,"Awards include Best Director, Best Film, and audience awards, celebrating creativity and innovation.","Best Director, Best Film, Audience Awards"
Landmarks,What is the significance of Al-Masjid al-Haram?,"Al-Masjid al-Haram in Mecca is the holiest site in Islam, surrounding the Kaaba, where Muslims perform Hajj and Umrah.","Al-Masjid al-Haram, Kaaba, Hajj, Umrah",What is the Kaaba's role in Islamic rituals?,The Kaaba is the direction of prayer for Muslims and the central point of pilgrimage.,"Kaaba, Qibla, Pilgrimage",What is the Black Stone in the Kaaba?,The Black Stone is a sacred relic in the Kaaba believed to have been sent from heaven.,"Black Stone, Kaaba, Heaven",How does Hajj incorporate the visit to Al-Masjid al-Haram?,Pilgrims perform the Tawaf by circling the Kaaba and other rituals as part of Hajj.,"Tawaf, Hajj, Pilgrims",What are the key rituals of Umrah?,"The key rituals include Ihram, Tawaf, and Sa’i, which are also part of Hajj but can be performed separately.","Ihram, Tawaf, Sa’i"
Landmarks,What is the historical importance of Diriyah?,Diriyah is the birthplace of the Saudi state and home to the Al Saud royal family.,"Diriyah, Saudi State, Al Saud",What is At-Turaif District in Diriyah?,"At-Turaif District is a UNESCO World Heritage Site, representing the first capital of the Saudi dynasty.","At-Turaif, UNESCO, World Heritage",What events shaped Diriyah's history?,Diriyah played a key role in the 18th-century rise of the first Saudi state.,"18th Century, Saudi State",How is Diriyah being preserved today?,Saudi Arabia has launched projects to restore Diriyah as a cultural and tourist destination.,"Diriyah, Restoration, Tourism",What role does Diriyah play in Vision 2030?,"Diriyah is a cornerstone of Vision 2030, promoting heritage, culture, and tourism.","Vision 2030, Heritage, Culture, Tourism"
Landmarks,What makes Mada'in Saleh significant?,Mada'in Saleh is an ancient Nabatean city and Saudi Arabia's first UNESCO World Heritage Site.,"Mada'in Saleh, Nabatean, UNESCO",Who were the Nabateans?,The Nabateans were an ancient Arab civilization known for building cities like Petra and Mada'in Saleh.,"Nabateans, Petra, Arab Civilization",How were the rock-cut tombs of Mada'in Saleh constructed?,"The Nabateans carved tombs directly into sandstone cliffs, showcasing advanced engineering.","Tombs, Sandstone, Engineering",What are the key attractions at Mada'in Saleh?,"Visitors can see ancient tombs, inscriptions, and remnants of Nabatean architecture.","Tombs, Inscriptions, Architecture",How is Mada'in Saleh linked to the Prophet Saleh?,The site is associated with the story of Prophet Saleh and his people in Islamic tradition.,"Prophet Saleh, Islamic Tradition"
Landmarks,What is the Jeddah Corniche known for?,"The Jeddah Corniche is a popular waterfront area with parks, sculptures, and views of the Red Sea.","Jeddah Corniche, Waterfront, Red Sea",What activities can visitors enjoy at the Jeddah Corniche?,"Visitors can walk along the promenade, enjoy cafes, parks, and see iconic sculptures.","Promenade, Cafes, Sculptures",What famous sculpture is located at the Jeddah Corniche?,"The famous ""King Fahd's Fountain,"" the tallest water fountain in the world, is located there.","King Fahd's Fountain, Jeddah Corniche",How has the Corniche been developed in recent years?,"The Corniche has undergone expansion, with new parks, cultural spaces, and entertainment areas.","Expansion, Cultural Spaces, Parks",What events take place at the Jeddah Corniche?,"The Corniche hosts various festivals, sports events, and fireworks during national celebrations.","Festivals, Sports Events, Fireworks"
Landmarks,What is the significance of the Kingdom Centre in Riyadh?,"The Kingdom Centre is one of the most iconic skyscrapers in Riyadh, symbolizing modern Saudi Arabia.","Kingdom Centre, Riyadh, Skyscraper",What is the architectural design of the Kingdom Centre?,It has a unique design with a distinctive sky bridge at the top.,"Architectural Design, Sky Bridge",What can visitors do at the Kingdom Centre?,"Visitors can enjoy shopping, dining, and panoramic views of Riyadh from the sky bridge.","Shopping, Dining, Sky Bridge",How tall is the Kingdom Centre?,"The Kingdom Centre stands at 302 meters, making it one of the tallest buildings in Saudi Arabia.","302 Meters, Tall Building",What awards has the Kingdom Centre won for its design?,The Kingdom Centre has won international awards for its innovative and sustainable design.,"International Awards, Design, Sustainability"
Landmarks,What is the significance of Al-Masjid al-Haram?,"Al-Masjid al-Haram in Mecca is the holiest site in Islam, surrounding the Kaaba, where Muslims perform Hajj and Umrah.","Al-Masjid al-Haram, Kaaba, Hajj, Umrah",What is the Kaaba's role in Islamic rituals?,The Kaaba is the direction of prayer for Muslims and the central point of pilgrimage.,"Kaaba, Qibla, Pilgrimage",What is the Black Stone in the Kaaba?,The Black Stone is a sacred relic in the Kaaba believed to have been sent from heaven.,"Black Stone, Kaaba, Heaven",How does Hajj incorporate the visit to Al-Masjid al-Haram?,Pilgrims perform the Tawaf by circling the Kaaba and other rituals as part of Hajj.,"Tawaf, Hajj, Pilgrims",What are the key rituals of Umrah?,"The key rituals include Ihram, Tawaf, and Sa’i, which are also part of Hajj but can be performed separately.","Ihram, Tawaf, Sa’i"
Landmarks,What is the historical importance of Diriyah?,Diriyah is the birthplace of the Saudi state and home to the Al Saud royal family.,"Diriyah, Saudi State, Al Saud",What is At-Turaif District in Diriyah?,"At-Turaif District is a UNESCO World Heritage Site, representing the first capital of the Saudi dynasty.","At-Turaif, UNESCO, World Heritage",What events shaped Diriyah's history?,Diriyah played a key role in the 18th-century rise of the first Saudi state.,"18th Century, Saudi State",How is Diriyah being preserved today?,Saudi Arabia has launched projects to restore Diriyah as a cultural and tourist destination.,"Diriyah, Restoration, Tourism",What role does Diriyah play in Vision 2030?,"Diriyah is a cornerstone of Vision 2030, promoting heritage, culture, and tourism.","Vision 2030, Heritage, Culture, Tourism"
Landmarks,What makes Mada'in Saleh significant?,Mada'in Saleh is an ancient Nabatean city and Saudi Arabia's first UNESCO World Heritage Site.,"Mada'in Saleh, Nabatean, UNESCO",Who were the Nabateans?,The Nabateans were an ancient Arab civilization known for building cities like Petra and Mada'in Saleh.,"Nabateans, Petra, Arab Civilization",How were the rock-cut tombs of Mada'in Saleh constructed?,"The Nabateans carved tombs directly into sandstone cliffs, showcasing advanced engineering.","Tombs, Sandstone, Engineering",What are the key attractions at Mada'in Saleh?,"Visitors can see ancient tombs, inscriptions, and remnants of Nabatean architecture.","Tombs, Inscriptions, Architecture",How is Mada'in Saleh linked to the Prophet Saleh?,The site is associated with the story of Prophet Saleh and his people in Islamic tradition.,"Prophet Saleh, Islamic Tradition"
Landmarks,What is the Jeddah Corniche known for?,"The Jeddah Corniche is a popular waterfront area with parks, sculptures, and views of the Red Sea.","Jeddah Corniche, Waterfront, Red Sea",What activities can visitors enjoy at the Jeddah Corniche?,"Visitors can walk along the promenade, enjoy cafes, parks, and see iconic sculptures.","Promenade, Cafes, Sculptures",What famous sculpture is located at the Jeddah Corniche?,"The famous ""King Fahd's Fountain,"" the tallest water fountain in the world, is located there.","King Fahd's Fountain, Jeddah Corniche",How has the Corniche been developed in recent years?,"The Corniche has undergone expansion, with new parks, cultural spaces, and entertainment areas.","Expansion, Cultural Spaces, Parks",What events take place at the Jeddah Corniche?,"The Corniche hosts various festivals, sports events, and fireworks during national celebrations.","Festivals, Sports Events, Fireworks"
Landmarks,What is the significance of the Kingdom Centre in Riyadh?,"The Kingdom Centre is one of the most iconic skyscrapers in Riyadh, symbolizing modern Saudi Arabia.","Kingdom Centre, Riyadh, Skyscraper",What is the architectural design of the Kingdom Centre?,It has a unique design with a distinctive sky bridge at the top.,"Architectural Design, Sky Bridge",What can visitors do at the Kingdom Centre?,"Visitors can enjoy shopping, dining, and panoramic views of Riyadh from the sky bridge.","Shopping, Dining, Sky Bridge",How tall is the Kingdom Centre?,"The Kingdom Centre stands at 302 meters, making it one of the tallest buildings in Saudi Arabia.","302 Meters, Tall Building",What awards has the Kingdom Centre won for its design?,The Kingdom Centre has won international awards for its innovative and sustainable design.,"International Awards, Design, Sustainability"
Landmarks,What is the significance of the Empty Quarter (Rub' al Khali)?,"The Empty Quarter is the largest continuous sand desert in the world, covering parts of Saudi Arabia.","Empty Quarter, Sand Desert, Saudi Arabia",How big is the Empty Quarter?,"The desert covers approximately 650,000 square kilometers, spanning four countries.","650,000 Square Kilometers, Four Countries",What is the environment like in the Empty Quarter?,"It has some of the highest sand dunes in the world, and temperatures can soar to extreme levels.","Sand Dunes, High Temperatures, Extreme",Are there any oases in the Empty Quarter?,"Yes, there are a few oases where people can find water and vegetation in this harsh desert.","Oases, Water, Vegetation",How do people explore the Empty Quarter today?,Adventure seekers and tourists explore the desert through guided 4x4 tours and camping.,"4x4 Tours, Adventure, Camping"
Landmarks,What is Al Ula known for?,"Al Ula is an ancient city with rock formations, historical sites, and the iconic Elephant Rock.","Al Ula, Rock Formations, Elephant Rock",What is the historical significance of Al Ula?,Al Ula was an important trading hub and has remnants of ancient civilizations like the Lihyanites.,"Al Ula, Trading Hub, Lihyanites",What is Elephant Rock?,Elephant Rock is a natural rock formation in Al Ula shaped like an elephant.,"Elephant Rock, Natural Formation",What other attractions are near Al Ula?,Nearby attractions include the ancient city of Dadan and the Nabatean tombs of Hegra.,"Dadan, Nabatean Tombs, Hegra",How is Al Ula being developed for tourism?,"Al Ula is being promoted as a cultural and adventure tourism destination, with resorts and festivals.","Tourism, Cultural, Resorts, Festivals"
Landmarks,What is the significance of Masmak Fortress?,Masmak Fortress in Riyadh is a symbol of Saudi unification and the capture of Riyadh in 1902.,"Masmak Fortress, Riyadh, Unification",What role did the Masmak Fortress play in Saudi history?,"The fortress was where King Abdulaziz recaptured Riyadh, marking the beginning of the unification of Saudi Arabia.","King Abdulaziz, Riyadh, Unification",What can visitors see at the Masmak Fortress today?,Visitors can explore a museum inside the fortress with exhibits on Saudi history.,"Museum, Exhibits, Saudi History",How is the fortress preserved?,The Saudi government has restored the fortress as a cultural and historical site.,"Restoration, Cultural Site",How does the Masmak Fortress contribute to Saudi heritage tourism?,It attracts tourists interested in learning about Saudi Arabia’s history and heritage.,"Heritage Tourism, History"
Landmarks,What is the significance of Al Rajhi Grand Mosque?,Al Rajhi Grand Mosque in Riyadh is one of the largest and most important mosques in Saudi Arabia.,"Al Rajhi Mosque, Riyadh, Largest Mosque",What facilities does the mosque offer?,"The mosque offers facilities for prayer, Islamic education, and community events.","Prayer, Islamic Education, Community",How many worshippers can Al Rajhi Mosque accommodate?,"The mosque can accommodate over 18,000 worshippers.","18,000 Worshippers, Capacity",What architectural features define the mosque?,"The mosque is known for its large dome, elegant minarets, and intricate interior designs.","Dome, Minarets, Interior Design",How does the mosque serve the local community?,"It serves as a center for religious, educational, and charitable activities in Riyadh.","Religious, Educational, Charitable"
Landmarks,What is the significance of the Riyadh Season festival locations?,"Riyadh Season transforms various landmarks into entertainment hubs, celebrating Saudi culture and creativity.","Riyadh Season, Entertainment, Landmarks",What kind of events take place during Riyadh Season?,"Riyadh Season hosts concerts, art exhibitions, cultural festivals, and sporting events.","Concerts, Art Exhibitions, Cultural Festivals, Sporting Events",How does Riyadh Season contribute to the local economy?,"Riyadh Season boosts tourism, creates jobs, and promotes local businesses.","Tourism, Jobs, Local Businesses",Which landmarks are transformed during Riyadh Season?,"Landmarks like Boulevard Riyadh City, Al Murabba, and Winter Wonderland become entertainment zones.","Boulevard Riyadh City, Al Murabba, Winter Wonderland",How does Riyadh Season fit into Saudi Vision 2030?,Riyadh Season aligns with Vision 2030 by promoting tourism and entertainment as part of economic diversification.,"Vision 2030, Tourism, Entertainment, Economic Diversif"
Landscape,What is the significance of the Rub' al Khali desert?,"The Rub' al Khali, also known as the Empty Quarter, is the largest sand desert in the world, covering parts of Saudi Arabia, Oman, UAE, and Yemen.","Rub' al Khali, Empty Quarter, Sand Desert",What makes Rub' al Khali unique?,"It has some of the tallest sand dunes in the world, reaching up to 250 meters.","Tallest Sand Dunes, 250 meters",How do people navigate through Rub' al Khali?,"Historically, Bedouins used camels and stars for navigation through the vast desert.","Bedouins, Camels, Stars",What wildlife can be found in Rub' al Khali?,"Wildlife includes sand gazelles, foxes, and occasional migratory birds.","Sand Gazelles, Foxes, Migratory Birds",Is there any human settlement in Rub' al Khali?,"There are few settlements, but oil exploration and expeditions occasionally take place in the region.","Human Settlement, Oil Exploration, Expeditions"
Landscape,What is Al-Ula and why is it important?,"Al-Ula is a historic region in northwest Saudi Arabia, known for its ancient rock formations and archaeological sites like Hegra.","Al-Ula, Historic Region, Rock Formations, Hegra",What are the most famous landmarks in Al-Ula?,"The UNESCO World Heritage site Hegra, Elephant Rock, and the Old Town are popular landmarks.","Hegra, Elephant Rock, Old Town",How old are the archaeological sites in Al-Ula?,"Some date back over 2,000 years, including the Nabataean tombs.","2,000 Years, Nabataean Tombs",What makes Elephant Rock unique?,"Elephant Rock is a natural rock formation shaped like an elephant, standing over 50 meters tall.","Elephant Rock, Natural Formation, 50 Meters",How can visitors explore Al-Ula?,"Visitors can take guided tours, experience stargazing, and enjoy cultural events.","Guided Tours, Stargazing, Cultural Events"
Landscape,What is Wadi Al-Disah?,"Wadi Al-Disah is a stunning desert valley in the Tabuk region, known for its tall red cliffs and palm groves.","Wadi Al-Disah, Desert Valley, Tabuk, Red Cliffs, Palm Groves",What activities can visitors do in Wadi Al-Disah?,"Visitors can hike, camp, and explore the valley’s natural beauty.","Hiking, Camping, Natural Beauty",What is the best time to visit Wadi Al-Disah?,The best time to visit is during the cooler months from November to March.,"November, March, Cooler Months",Are there any wildlife species in Wadi Al-Disah?,"Yes, the valley is home to various bird species and desert wildlife.","Bird Species, Desert Wildlife",How can visitors reach Wadi Al-Disah?,"It’s accessible by road from Tabuk, and many guided tours are available.","Tabuk, Guided Tours, Road Access"
Landscape,What is the Farasan Islands known for?,"The Farasan Islands are a group of islands in the Red Sea, known for their rich marine life and coral reefs.","Farasan Islands, Red Sea, Marine Life, Coral Reefs",What activities can be done in the Farasan Islands?,"Visitors can enjoy snorkeling, diving, and birdwatching.","Snorkeling, Diving, Birdwatching",What kind of marine life can be seen around the islands?,"The waters are home to dolphins, sea turtles, and a variety of fish species.","Dolphins, Sea Turtles, Fish Species",How do the islands contribute to Saudi Arabia's biodiversity?,"The islands are a protected area and support various endangered species, including the Arabian gazelle.","Protected Area, Arabian Gazelle, Endangered Species",How can tourists reach the Farasan Islands?,Tourists can take a ferry from Jizan to the islands.,"Jizan, Ferry, Transportation"
Landscape,What is the significance of Jabal Sawda?,"Jabal Sawda is the highest peak in Saudi Arabia, located in the Asir region, with an elevation of over 3,000 meters.","Jabal Sawda, Highest Peak, Asir Region, 3,000 Meters",What is the climate like at Jabal Sawda?,"Jabal Sawda has a cooler climate than much of Saudi Arabia, with mild summers and cooler winters.","Cooler Climate, Mild Summers, Winters",What activities can tourists do at Jabal Sawda?,"Visitors can hike, camp, and explore the scenic views of the Asir mountains.","Hiking, Camping, Scenic Views, Asir Mountains",How is Jabal Sawda different from other landscapes in Saudi Arabia?,"It features green mountains and forests, a contrast to the deserts in other parts of the country.","Green Mountains, Forests, Deserts",What wildlife can be found around Jabal Sawda?,"The region is home to various birds, mountain goats, and unique flora.","Birds, Mountain Goats, Flora"
