Category,Subcategory,Description,Source
Architecture,Religious Architecture,"The architecture of mosques is characterized by domes and minarets, reflecting Islamic design principles.",Islamic Architecture
Architecture,Heritage Villages,Historical villages like Diriyah showcase traditional Najdi architecture and cultural heritage.,Saudi Heritage
Architecture,Skyscrapers,"Modern cities like Riyadh feature iconic skyscrapers, reflecting contemporary architectural trends.",Saudi Architecture
Architecture,Islamic Gardens,"Islamic garden design influences parks and public spaces, emphasizing tranquility and natural beauty.",Islamic Gardens
Architecture,Traditional Saudi Homes,"Traditional homes are built with mud and stone, featuring open courtyards and decorative motifs.",Saudi Architecture
Arts,Najdi Architecture,"Characterized by mud-brick buildings and decorative wooden balconies, representing the architectural style of central Saudi Arabia.",Saudi Architectural
Crafts and Handicrafts,Traditional Crafts,"Includes weaving, pottery, and the art of making traditional Arabian coffee, known as 'qahwa.'",Saudi Crafts
Crafts and Handicrafts,Pottery and Ceramics,"Traditional pottery-making is a valued craft, with unique designs reflecting regional styles.",Saudi Crafts
Crafts and Handicrafts,Weaving,"Handwoven textiles, including carpets and scarves, showcase intricate designs and craftsmanship.",Saudi Textiles
Crafts and Handicrafts,Traditional Dress Making,"Crafting traditional attire involves intricate designs, often using vibrant colors and patterns.",Saudi Crafts
Crafts and Handicrafts,Silverware,"The making of traditional silverware, including ornate coffee pots, reflects the artistry of Saudi craftsmanship.",Saudi Silver
Crafts and Handicrafts,Jewelry Making,Traditional jewelry often features intricate designs and is an important part of Saudi culture and identity.,Saudi Jewelry
Crafts and Handicrafts,Calligraphy,"Arabic calligraphy is a revered art form, often used in religious texts and decorations.",Saudi Calligraphy
Crafts and Handicrafts,Carpet Weaving,"Traditional carpet weaving is a cherished craft in Saudi Arabia, with unique patterns and designs reflecting local culture.",Saudi Carpets
Crafts and Handicrafts,Wood Carving,"Traditional wood carving showcases intricate designs and cultural motifs, often used in furniture and decor.",Saudi Woodcraft
Crafts and Handicrafts,Pottery and Ceramics,"Pottery is traditionally crafted in regions like Al-Ahsa, reflecting local styles and techniques.",Saudi Pottery
Crafts and Handicrafts,Weaving,"Traditional weaving techniques are used to create textiles and rugs, often featuring unique patterns and colors.",Saudi Weaving
Crafts and Handicrafts,Pottery Traditions,"Traditional pottery styles vary across regions, often featuring intricate designs and techniques passed down through generations.",Saudi Pottery Traditions
Crafts and Handicrafts,Traditional Jewelry,"Unique jewelry designs often feature gold, silver, and precious stones, reflecting Saudi cultural identity.",Saudi Jewelry
Crafts and Handicrafts,Calligraphy,"Arabic calligraphy is a revered art form, used in various forms of decoration and literature.",Arabic Calligraphy
Crafts and Handicrafts,Carpentry,"Traditional carpentry techniques used to create furniture and decorative items, often reflecting local craftsmanship.",Saudi Carpentry
Crafts and Handicrafts,Traditional Metalwork,"The craft of metalwork in Saudi Arabia, producing unique items like daggers and decorative pieces.",Saudi Metalwork
Cultural Etiquette,Common Etiquette Rules,"Visitors should be respectful of cultural norms, including dress codes and behavior at gatherings.",Cultural Etiquette
Cultural Etiquette,Greeting Customs,"Handshakes are common among men, while women may greet each other with a kiss on the cheek.",Cultural Insights
Cultural Etiquette,Dress Code,"Modesty in clothing is important; men typically wear a thobe, while women wear an abaya in public.",Cultural Etiquette
Cultural Etiquette,Dining Customs,"Meals often begin with a prayer, and it is customary to eat with the right hand in accordance with tradition.",Dining Etiquette
Cultural Etiquette,Hospitality Traditions,"Guests are treated with utmost respect, often offered coffee and dates as a sign of hospitality.",Saudi Hospitality
Cultural Etiquette,Gift-Giving Customs,"Gift-giving is an important aspect of Saudi culture, often involving sweets or coffee during social visits.",Gift Etiquette
Cultural Etiquette,Public Behavior,"It is customary to show respect in public spaces, including maintaining a modest demeanor and avoiding loud conversations.",Public Etiquette
Cultural Etiquette,Dress Code,"Traditional dress varies by region, with men wearing the thobe and women wearing the abaya, often embellished with intricate designs.",Saudi Dress Code
Cultural Etiquette,Dining Etiquette,"Importance of communal dining, with customs such as sharing food from a single dish and using the right hand to eat.",Dining Etiquette
Cultural Etiquette,Greetings,"Common greetings in Saudi culture, such as “As-salamu alaykum,” which means “Peace be upon you.”",Saudi Greetings
Cultural Etiquette,Hospitality Customs,"The significance of hospitality in Saudi culture, including offering food and drink to guests as a sign of respect.",Saudi Hospitality
Cultural Etiquette,Dress Code,"The importance of traditional dress codes, such as the Thobe for men and Abaya for women, in Saudi society.",Saudi Dress Code
Economy,Oil Industry,"Saudi Arabia has one of the largest oil reserves in the world, significantly impacting its economy.",Saudi Energy
Economy,Vision 2030,A strategic framework aimed at reducing Saudi Arabia's dependence on oil and diversifying its economy.,Vision 2030
Economy,Tourism Development,"Saudi Arabia is investing in tourism, focusing on historical sites and entertainment to attract global visitors.",Saudi Tourism
Economy,Agriculture,"The agricultural sector includes crops like dates, wheat, and barley, essential for local food security.",Saudi Agriculture
Economy,Investment Opportunities,"The Kingdom promotes investments in sectors such as tourism, technology, and renewable energy.",Invest Saudi
Economy,E-commerce Growth,"The rise of e-commerce in Saudi Arabia is transforming the retail landscape, with significant investments in technology.",Saudi E-commerce
Economy,Real Estate Development,"Saudi Arabia is experiencing a boom in real estate projects, including mega-cities like NEOM and the Red Sea Project.",Saudi Real Estate
Economy,Small and Medium Enterprises,"Support for SMEs is a key focus for economic diversification, with initiatives to foster entrepreneurship.",SME Development
Economy,Digital Economy,"Growth in the digital economy, including e-commerce and online services, is transforming business practices.",Saudi Digital Economy
Economy,Technology Sector,"The tech sector is rapidly growing in Saudi Arabia, with investments in startups and innovation hubs.",Saudi Tech
Economy,Renewable Energy,"Investment in renewable energy sources, such as solar and wind, to diversify energy production in the country.",Saudi Renewable Energy
Economy,Investment in Tourism,Saudi Arabia's investments in tourism infrastructure as part of its Vision 2030 plan to diversify the economy.,Tourism Investment
Economy,Financial Technology,Growth in fintech startups offering innovative solutions for banking and finance in Saudi Arabia.,Saudi Fintech
Economy,Local Handicrafts,"The revival of local handicrafts, including pottery and weaving, as part of the cultural heritage initiative.",Saudi Handicrafts
Economy,Agricultural Innovations,Advances in agricultural technology aimed at increasing food security and sustainability in the harsh climate.,Agricultural Innovations
Economy,Construction Boom,"The construction boom in urban areas, with mega-projects like NEOM aimed at transforming the economy.",Saudi Construction Boom
Economy,Local Startups,"The rise of local startups in technology, healthcare, and other sectors, fostering entrepreneurship in the youth.",Saudi Startups
Economy,Vision 2030,"Saudi Arabia’s Vision 2030 initiative aimed at diversifying the economy beyond oil, promoting tourism and technology.",Vision 2030
Economy,Real Estate Development,"Trends in real estate development in Saudi Arabia, driven by urbanization and population growth.",Saudi Real Estate
Economy,Technology Startups,"The rise of technology startups in Saudi Arabia, contributing to innovation and job creation.",Saudi Tech Startups
Economy,Mining Industry,The growth of the mining industry in Saudi Arabia and its impact on the economy.,Saudi Mining
Education,Educational Reforms,The government is investing in education to improve literacy rates and encourage technological advancements.,Ministry of Education
Education,Universities,"King Saud University is one of the oldest universities in Saudi Arabia, offering a range of programs.",KSU
Environment,Conservation Efforts,"Initiatives to protect natural habitats and wildlife, including the Arabian Oryx reintroduction project.",Saudi Conservation
Environment,Desert Ecosystems,Saudi Arabia's deserts host unique ecosystems with diverse flora and fauna adapted to arid conditions.,Saudi Environment
Environment,Renewable Energy Initiatives,Saudi Arabia is investing in renewable energy projects to diversify its energy sources and combat climate change.,Saudi Energy
Environment,Marine Conservation,Efforts are underway to protect marine life in the Red Sea through conservation initiatives and research.,Red Sea Conservation
Environment,Water Conservation,Initiatives to conserve water include advanced irrigation techniques and desalination projects to ensure sustainability.,Water Conservation
Environment,Urban Green Spaces,Initiatives to create parks and green spaces in urban areas are part of enhancing quality of life in cities.,Urban Development
Environment,Urban Sustainability,"Projects focusing on sustainable urban development, including green building practices and energy-efficient infrastructure.",Urban Sustainability
Environment,Wildlife Protection,"Efforts are being made to protect endangered species, including the Arabian leopard and Arabian oryx.",Wildlife Conservation
Environment,Coastal Conservation,"Efforts to protect coastal ecosystems in the Red Sea, promoting biodiversity and sustainable tourism.",Coastal Conservation
Environment,National Parks,"Development of national parks to protect wildlife and promote eco-tourism, such as the Asir National Park.",Saudi National Parks
Environment,Sustainable Agriculture,Implementation of sustainable practices in agriculture to combat desertification and improve water management.,Sustainable Agriculture
Environment,Desert Ecosystems,"Studies on the unique desert ecosystems in Saudi Arabia and their biodiversity, including native plant species.",Desert Ecosystems
Environment,Wildlife Conservation,"Efforts in wildlife conservation in Saudi Arabia, focusing on endangered species and protected areas.",Saudi Wildlife Conservation
Environment,Desert Tourism,"Development of tourism focused on desert experiences, including camping and cultural experiences in the desert.",Desert Tourism
Environment,Marine Life in the Red Sea,The unique marine biodiversity found in the Red Sea and efforts to protect it.,Red Sea Marine Life
Environment,Date Palm Cultivation,The agricultural practices associated with the cultivation of date palms and their economic importance.,Date Palm Cultivation
Festivals,Saudi National Day,"Celebrated on September 23rd, featuring parades and cultural activities to honor the unification of the Kingdom.",Saudi National Day
Festivals,Mawlid al-Nabi,"Celebrated to commemorate the birth of the Prophet Muhammad, featuring prayers and community gatherings.",Islamic Festivals
Festivals,National Heritage and Folk Arts Festival,"A platform showcasing traditional arts, crafts, and performances, celebrating Saudi heritage.",Heritage Festival
Festivals,Eid al-Fitr,"Marks the end of Ramadan, celebrated with prayers, feasting, and giving charity.",Islamic Holidays
Festivals,Riyadh Season,"An annual festival featuring entertainment, cultural activities, and performances, aimed at boosting tourism.",Riyadh Season
Folklore,Legends and Myths,"Stories like that of the ""Banu Hashim"" reflect the rich folklore and tribal history of Saudi Arabia.",Saudi Folklore
Folklore,Folktales,"Folktales often include moral lessons and are passed down through generations, reflecting cultural values.",Saudi Folklore
Folklore,Traditional Storytelling,Oral storytelling traditions are vital for passing down history and morals through generations.,Saudi Folklore
Folklore,Cultural Symbols,"The palm tree is a symbol of hospitality and prosperity in Saudi culture, often depicted in art and literature.",Cultural Symbols
Folklore,Tales of the Najd Region,"Folklore from the Najd region includes stories of bravery and wisdom, reflecting the values of the local tribes.",Najd Folklore
Folklore,Folk Dances,"Traditional folk dances, such as the Ardah, which celebrate cultural heritage and community spirit.",Saudi Folk Dances
Folklore,Traditional Proverbs,"Common proverbs in Saudi culture that reflect wisdom and societal values, often passed down through generations.",Saudi Proverbs
Folklore,Cultural Festivals,"Major cultural festivals in Saudi Arabia that celebrate heritage and community, such as Janadriyah.",Saudi Festivals
Food,Coffee Culture,"Saudi coffee is a significant part of Saudi hospitality, often served with dates.",Saudi Coffee
Food,Traditional Dishes,"Mandi is a traditional dish made with rice, meat, and spices, often served during special occasions.",Saudi Food
Food,Dates,"Dates are a staple in Saudi cuisine, often served during Ramadan and special occasions.",Saudi Dates
Food,Traditional Cooking Methods,"Cooking methods like grilling and slow-cooking are commonly used in Saudi cuisine, enhancing flavors in dishes like kabsa.",Saudi Cooking
Food,Regional Dishes,"Each region in Saudi Arabia has unique dishes, like Asir's Kapsa and Jazan's seafood specialties, reflecting local ingredients.",Saudi Regional Cuisine
Food,Grilled Meat Dishes,"Grilled meats, especially kebabs and kabsa, are staples in Saudi cuisine, often served with rice and vegetables.",Grilled Meat
Food,Dates Production,"Saudi Arabia is one of the world's largest producers of dates, with various types like Ajwa and Sukkari.",Saudi Dates
Food,Arabic Coffee,"Arabic coffee, or Qahwa, is a traditional beverage served in gatherings, often flavored with cardamom.",Arabic Coffee
Food,Kabsa,"A spiced rice dish commonly served with chicken or lamb, known for its aromatic flavors and traditional preparation.",Kabsa Recipe
Food,Traditional Bread Types,"Various types of traditional breads, such as Al-Tamis, are commonly served in Saudi meals.",Breads-in-saudi-arabia
Food,Dates as a Staple Food,"The significance of dates in Saudi cuisine, their cultivation, and various traditional dishes made with dates.",Saudi Dates
Food,Mandi,"A traditional rice dish often served at large gatherings, known for its unique flavor and preparation method.",Mandi Recipe
Food,Camel Milk,The nutritional value and cultural significance of camel milk in Saudi Arabian society.,Camel Milk Benefits
Geography,Major Regions,"Saudi Arabia is divided into several regions, including Riyadh, Makkah, and the Eastern Province, each with unique geography.",Saudi Geography
History,Unification of Saudi Arabia,"23 September 1932 marks the official unification of the modern Kingdom of Saudi Arabia under King Abdulaziz Al Saud, and it is celebrated as Saudi National Day.",Ministry of Culture
History,Ancient Trade Routes,"The Arabian Peninsula was central to ancient trade routes connecting Asia, Africa, and Europe, influencing commerce.",Trade History
History,Battle of Badr,"A significant battle in Islamic history, marking the beginning of the Muslim community's emergence in Medina.",Battle of Badr
History,Islamic Expansion,The spread of Islam during the Caliphates and its impact on culture and trade in the region.,Islamic Expansion
History,Ancient Trade Routes,"The Incense Route was a trade network connecting Arabia to the Mediterranean, facilitating the exchange of spices and incense.",Incense Route
History,The Rise of Islam,The historical context surrounding the rise of Islam and its establishment in Medina and Mecca.,Rise of Islam
History,The Hajj Pilgrimage,Historical significance and cultural practices associated with the Hajj pilgrimage to Mecca.,Hajj Pilgrimage
History,Ancient Civilizations,"The influence of ancient civilizations, like the Nabateans, on trade and architecture in the Arabian Peninsula.",Ancient Civilizations
History,The Unification of Saudi Arabia,Historical events leading to the unification of the Kingdom of Saudi Arabia in the early 20th century.,Unification History
Landmarks,Masmak Fortress,"A historic fortress in Riyadh, it played a significant role in the Kingdom’s history, particularly during the 1902 siege.",Saudi Historical Society
Language,Arabic Phrases,"Common phrases like ""Marhaban"" (Hello) and ""Shukran"" (Thank you) reflect the cultural heritage of Saudi Arabia.",Saudi Language
Literature,Notable Authors,Authors like Abdulrahman Munif and Raja Alem are recognized for their contributions to Saudi literature.,Saudi Literature
Literature,Traditional Poetry,"Nabati poetry is a unique form of oral poetry, expressing cultural narratives and emotions.",Saudi Poetry
Literature,Modern Authors,Contemporary writers like Mohammed Hassan Alwan are gaining recognition for their literary contributions.,Saudi Literature
Literature,Historical Texts,Works documenting the history of the Arabian Peninsula provide insight into the region’s cultural evolution.,Saudi Literature
Literature,Children's Literature,"There is a growing body of children's literature in Arabic, encouraging reading and cultural awareness among youth.",Saudi Children's Books
Literature,Poetry in Arabic,"Arabic poetry has a rich tradition, with modern poets gaining recognition for their works reflecting contemporary issues.",Saudi Poetry
Literature,Modern Saudi Authors,"The works of contemporary Saudi authors, focusing on themes of identity, tradition, and modernity.",Modern Saudi Literature
Literature,Traditional Poetry,"The importance of traditional poetry in Saudi culture, often used in celebrations and storytelling.",Saudi Poetry
Literature,The Novel in Saudi Arabia,The development of the novel as a literary form in Saudi Arabia and key authors in this genre.,Saudi Literature
Modern Culture,Riyadh Season,"An annual entertainment and cultural festival featuring concerts, sports, and arts, promoting modern Saudi culture.",Riyadh Season
Modern Culture,Contemporary Art Exhibitions,Events like the Riyadh Art initiative promote local artists and contemporary art within the Kingdom.,Riyadh Art
Modern Culture,Cultural Exchange Programs,Programs aimed at promoting understanding and cultural exchange between Saudi Arabia and other countries.,Cultural Exchange
Modern Culture,Cinema and Film Industry,"The lifting of bans on cinemas has led to a growing film industry, with both local and international films being shown.",Saudi Film
Modern Culture,Social Media Influence,Social media platforms are increasingly used by Saudis to express cultural identity and share traditions.,Saudi Social Media
Modern Culture,Fashion Trends,"Modern Saudi fashion is influenced by both traditional attire and contemporary designs, showcasing creativity.",Saudi Fashion
Modern Culture,Social Initiatives,"Community projects focused on social issues, such as women's empowerment and youth engagement, are increasingly common.",Social Initiatives
Modern Culture,Art Galleries,"An increase in contemporary art galleries across major cities, showcasing local and international artists.",Saudi Art
Modern Culture,Influencer Culture,"Social media influencers are increasingly shaping trends in fashion, lifestyle, and cultural expressions in Saudi Arabia.",Influencer Trends
Modern Culture,Film Festivals,International film festivals are becoming platforms for Saudi filmmakers to showcase their work and cultural narratives.,Saudi Film Festivals
Modern Culture,Digital Art,"The rise of digital art as a form of contemporary expression among Saudi artists, integrating technology with culture.",Saudi Digital Art
Modern Culture,Pop Music Scene,"The emergence of a vibrant pop music scene in Saudi Arabia, with artists blending traditional and modern influences.",Saudi Pop Music
Modern Culture,Fashion Industry,"The growth of a local fashion industry that blends traditional attire with modern design, showcasing Saudi designers.",Saudi Fashion
Modern Culture,Music Festivals,"The emergence of music festivals in Saudi Arabia, featuring local and international artists across genres.",Saudi Music Festivals
Modern Culture,Online Gaming Culture,"The growth of online gaming communities in Saudi Arabia, with significant participation in e-sports.",Saudi Gaming
Modern Culture,Art Galleries,"The emergence of contemporary art galleries in cities like Riyadh, showcasing local and international artists.",Saudi Art Galleries
Modern Culture,Social Media Influence,"The impact of social media on cultural expression, particularly among Saudi youth.",Social Media in Saudi
Modern Culture,Film Industry,"The growth of the film industry in Saudi Arabia, including the production of local films and film festivals.",Saudi Film Industry
Modern Culture,Women in Art,The role of Saudi women in contemporary art and how they are shaping the art scene.,Women in Saudi Art
Modern Culture,Music in Saudi Arabia,"The evolution of music in Saudi Arabia, including traditional music and contemporary genres.",Saudi Music
Modern Culture,Digital Art,The rise of digital art and its acceptance in the contemporary Saudi art scene.,Saudi Digital Art
Music,Traditional Music,"Instruments like the qanun and darbouka are integral to traditional performances, often accompanied by dance.",Saudi Music
Music and Dance,Traditional Dances,"Dances such as Ardha are performed during celebrations, reflecting cultural heritage and communal joy.",Saudi Dance
Music and Dance,Modern Music Festivals,"The MDL Beast festival highlights both local and international music talents, reflecting modern Saudi culture.",MDL Beast
Music and Dance,Traditional Dance,"The Ardah is a traditional dance performed during celebrations, often involving swordplay and singing.",Saudi Dance
Music and Dance,Traditional Instruments,Instruments like the rababa (stringed instrument) are essential in traditional music performances.,Saudi Music Instruments
Religion,Islamic Practices,"Saudi Arabia is the birthplace of Islam, with the Quran being the central religious text.",Islamic Studies
Religion,Mosques,The Grand Mosque in Mecca is the largest mosque in the world and a focal point for Muslim worship.,Saudi Tourism
Sports,Popular Sports,"Football is the most popular sport, with significant attention on national teams and local clubs.",Saudi Sports
Sports,Women's Sports,"Increased support for women's sports in recent years, including initiatives for female athletes and competitions.",Saudi Sports
Sports,Popular Sporting Events,"The Saudi Pro League attracts significant attention, showcasing local football talent.",Saudi Football
Sports,Camel Racing,"A traditional sport in Saudi Arabia, with significant cultural importance and annual racing events.",Camel Racing
Sports,Falconry,"An ancient sport reflecting Saudi heritage, with competitions held showcasing trained falcons.",Falconry
Sports,Sporting Events for Youth,Programs aimed at encouraging youth participation in sports and physical activities are gaining traction.,Youth Sports
Sports,Traditional Sports Events,"Events like traditional wrestling and horse racing are part of cultural celebrations, showcasing heritage.",Traditional Sports
Sports,Traditional Sports for Women,"Increasing opportunities for women in traditional sports, promoting inclusivity and participation.",Women's Sports
Sports,Traditional Wrestling,"A cultural sport that showcases strength and agility, often held during festivals and community events.",Wrestling Traditions
Sports,Horse Riding,"Horse riding is a traditional pastime in Saudi Arabia, with various equestrian events held throughout the year.",Saudi Equestrian
Sports,Camel Racing,"A traditional sport in Saudi Arabia, where specially bred camels compete in races, often accompanied by festivities.",Camel Racing
Sports,Women's Sports Development,"Increasing opportunities for women in various sports, promoting health and community involvement.",Women's Sports
Sports,Traditional Falconry,"Falconry is a traditional sport and symbol of pride in Saudi culture, with competitions held regularly.",Saudi Falconry
Sports,Soccer Popularity,"Soccer is the most popular sport in Saudi Arabia, with a strong following for local leagues and international teams.",Saudi Soccer
Sports,Traditional Sports,Overview of traditional sports such as Al-Shoolah (a form of archery) and their cultural significance.,Traditional Sports
Sports,Horse Racing,"Horse racing as a traditional sport in Saudi Arabia, with historical roots and modern competitions.",Saudi Horse Racing
Sports,Basketball,The rising popularity of basketball among youth and its influence on sports culture in Saudi Arabia.,Saudi Basketball